{"cameraMode":{"drawMode":0,"name":"Shaded","section":"Shading Mode"},"sceneLighting":false,"audioPlay":false,"sceneViewState":{"showFog":true,"showMaterialUpdate":false,"showSkybox":false,"showFlares":true,"showImageEffects":true,"showParticleSystems":true},"in2DMode":false,"pivot":{"x":2.6648430824279787,"y":1.0912599563598633,"z":-1.486868143081665},"rotation":{"x":0.11308129876852036,"y":0.7928363084793091,"z":-0.1548117697238922,"w":0.5785499811172485},"size":3.6073946952819826,"orthographic":false}