{"cameraMode":{"drawMode":0,"name":"Shaded","section":"Shading Mode"},"sceneLighting":false,"audioPlay":false,"sceneViewState":{"showFog":true,"showMaterialUpdate":false,"showSkybox":false,"showFlares":true,"showImageEffects":true,"showParticleSystems":true},"in2DMode":false,"pivot":{"x":-2.1101908683776857,"y":0.29789066314697268,"z":2.0583062171936037},"rotation":{"x":0.24575205147266389,"y":0.33705005049705508,"z":-0.09151450544595719,"w":0.9042575359344482},"size":4.067707538604736,"orthographic":false}