{"cameraMode":{"drawMode":0,"name":"Shaded","section":"Shading Mode"},"sceneLighting":true,"audioPlay":false,"sceneViewState":{"showFog":true,"showMaterialUpdate":false,"showSkybox":true,"showFlares":true,"showImageEffects":true,"showParticleSystems":true},"in2DMode":false,"pivot":{"x":6.955069065093994,"y":-1.960602045059204,"z":9.112001419067383},"rotation":{"x":0.10001523047685623,"y":0.2928835153579712,"z":-0.03075147420167923,"w":0.9505294561386108},"size":12.642842292785645,"orthographic":false}