{"cameraMode":{"drawMode":0,"name":"Shaded","section":"Shading Mode"},"sceneLighting":false,"audioPlay":false,"sceneViewState":{"showFog":true,"showMaterialUpdate":false,"showSkybox":false,"showFlares":true,"showImageEffects":true,"showParticleSystems":true},"in2DMode":false,"pivot":{"x":4.564046382904053,"y":-0.19667553901672364,"z":17.974279403686525},"rotation":{"x":0.053095173090696338,"y":-0.023312069475650789,"z":0.001259799930267036,"w":0.9983627200126648},"size":13.508049964904786,"orthographic":false}