{"cameraMode":{"drawMode":0,"name":"Shaded","section":"Shading Mode"},"sceneLighting":true,"audioPlay":false,"sceneViewState":{"showFog":true,"showMaterialUpdate":false,"showSkybox":true,"showFlares":true,"showImageEffects":true,"showParticleSystems":true},"in2DMode":false,"pivot":{"x":13.364265441894532,"y":-12.063359260559082,"z":22.696773529052736},"rotation":{"x":0.1697789877653122,"y":0.32220974564552309,"z":-0.05878465622663498,"w":0.9295555353164673},"size":31.02450180053711,"orthographic":false}