{"cameraMode":{"drawMode":0,"name":"Shaded","section":"Shading Mode"},"sceneLighting":true,"audioPlay":false,"sceneViewState":{"showFog":true,"showMaterialUpdate":false,"showSkybox":true,"showFlares":true,"showImageEffects":true,"showParticleSystems":true},"in2DMode":false,"pivot":{"x":4.925066947937012,"y":-15.822489738464356,"z":51.34832000732422},"rotation":{"x":0.12173188477754593,"y":0.042337656021118167,"z":-0.005132181569933891,"w":0.9917368292808533},"size":32.42060470581055,"orthographic":false}