{"cameraMode":{"drawMode":0,"name":"Shaded","section":"Shading Mode"},"sceneLighting":true,"audioPlay":false,"sceneViewState":{"showFog":true,"showMaterialUpdate":false,"showSkybox":true,"showFlares":true,"showImageEffects":true,"showParticleSystems":true},"in2DMode":false,"pivot":{"x":2.1703200340270998,"y":-4.1089982986450199,"z":53.32820510864258},"rotation":{"x":0.030625496059656144,"y":0.020149540156126024,"z":-0.0005548360059037805,"w":0.9994175434112549},"size":32.42060470581055,"orthographic":false}